"dbn","district","school","_2010_2011_overall_grade","_2010_2011_overall_score","_2010_2011_progress_category_score","_2010_2011_progress_grade","school_level"
"01M015","1","P.S. 015 Roberto Clemente","C","27.0","18.0","C","Elementary"
"01M019","1","P.S. 019 Asher Levy","B","48.7","35.1","A","Elementary"
"01M020","1","P.S. 020 Anna Silver","B","48.2","31.1","B","Elementary"
"01M034","1","P.S. 034 Franklin D. Roosevelt","C","39.8","18.5","C","K-8"
"01M063","1","P.S. 063 William McKinley","B","49.0","29.0","B","Elementary"
"01M064","1","P.S. 064 Robert Simon","C","25.8","11.6","D","Elementary"
"01M110","1","P.S. 110 Florence Nightingale","C","38.1","22.1","C","Elementary"
"01M134","1","P.S. 134 Henrietta Szold","C","34.6","24.0","C","Elementary"
"01M137","1","P.S. 137 John L. Bernstein","F","17.6","6.7","F","Elementary"
"01M140","1","P.S. 140 Nathan Straus","D","23.6","9.6","D","K-8"
"01M142","1","P.S. 142 Amalia Castro","C","29.2","10.6","F","Elementary"
"01M184","1","P.S. 184m Shuang Wen","A","86.8","50.6","A","K-8"
"01M188","1","P.S. 188 The Island School","A","60.7","41.7","A","K-8"
"01M292","1","Henry Street School for International Studies","C","32.4","18.7","C","Middle"
"01M292","1","Henry Street School for International Studies","C","49.8","30.1","C","High School"
"01M301","1","Technology, Arts, and Sciences Studio","B","47.6","28.7","B","Middle"
"01M315","1","The East Village Community School","C","38.2","16.4","C","Elementary"
"01M332","1","University Neighborhood Middle School","C","39.3","22.4","C","Middle"
"01M345","1","Collaborative Academy of Science, Technology, & La","B","41.7","23.5","C","Middle"
"01M361","1","The Children's Workshop School","B","42.0","27.9","B","Elementary"
"01M363","1","Neighborhood School","C","27.0","13.2","D","Elementary"
"01M364","1","Earth School","C","31.4","13.5","D","Elementary"
"01M378","1","School for Global Leaders","B","53.8","27.3","B","Middle"
"01M448","1","University Neighborhood High School","C","57.6","35.8","B","High School"
"01M450","1","East Side Community School","A","63.5","27.9","B","Middle"
"01M450","1","East Side Community School","A","77.0","38.7","B","High School"
"01M509","1","Marta Valle High School","C","54.0","30.6","C","High School"
"01M515","1","Lower East Side Preparatory High School","A","75.6","39.8","B","Transfer High School"
"01M539","1","New Explorations into Science, Technology and Math","A","73.5","44.3","A","K-8"
"01M539","1","New Explorations into Science, Technology and Math High School","A","71.9","42.4","A","High School"
"01M650","1","Cascades High School","A","70.4","36.0","B","Transfer High School"
"01M696","1","Bard High School Early College","B","59.4","30.8","C","High School"
"01M839","1","Tompkins Square Middle School","B","52.6","22.7","C","Middle"
"02M001","2","P.S. 001 Alfred E. Smith","B","42.9","26.5","B","Elementary"
"02M002","2","P.S. 002 Meyer London","A","83.8","54.6","A","Elementary"
"02M003","2","P.S. 003 Charrette School","C","30.0","5.7","F","Elementary"
"02M006","2","P.S. 006 Lillie D. Blake","A","61.6","38.4","A","Elementary"
"02M011","2","P.S. 011 William T. Harris","A","57.1","28.2","B","Elementary"
"02M033","2","P.S. 033 Chelsea Prep","B","54.8","29.5","B","Elementary"
"02M040","2","P.S. 040 Augustus Saint-Gaudens","A","59.7","34.5","A","Elementary"
"02M041","2","P.S. 041 Greenwich Village","A","58.6","28.6","B","Elementary"
"02M042","2","P.S. 042 Benjamin Altman","A","79.2","49.6","A","Elementary"
"02M047","3","47 The American Sign Language and English Secondary School","C","53.6","24.6","D","High School"
"02M051","2","P.S. 051 Elias Howe","B","53.3","28.9","B","Elementary"
"02M059","2","P.S. 059 Beekman Hill International","A","66.5","40.0","A","Elementary"
"02M077","2","P.S. 77 Lower Lab School","A","79.2","50.2","A","Elementary"
"02M089","2","P.S. 89","B","42.6","18.9","C","Elementary"
"02M104","2","J.H.S. 104 Simon Baruch","B","50.2","26.1","B","Middle"
"02M111","2","P.S. 111 Adolph S. Ochs","C","27.5","17.1","C","K-8"
"02M114","2","East Side Middle School","A","80.3","42.6","A","Middle"
"02M116","2","P.S. 116 Mary Lindley Murray","C","40.3","15.3","D","Elementary"
"02M124","2","P.S. 124 Yung Wing","A","59.9","33.1","B","Elementary"
"02M126","2","P.S. 126 Jacob August Riis","A","67.8","41.1","A","K-8"
"02M130","2","P.S. 130 Hernando De Soto","A","69.8","37.7","A","Elementary"
"02M131","2","M.S. 131","A","68.3","44.6","A","Middle"
"02M150","2","P.S. 150","C","32.4","10.4","F","Elementary"
"02M158","2","P.S. 158 Bayard Taylor","B","50.9","28.9","B","Elementary"
"02M167","2","J.H.S. 167 Robert F. Wagner","A","62.2","33.8","B","Middle"
"02M183","2","P.S. 183 Robert L. Stevenson","B","43.5","22.9","C","Elementary"
"02M198","2","P.S. 198 Isador E. Ida Straus","C","26.7","15.4","C","Elementary"
"02M212","2","P.S. 212 Midtown West","B","53.6","22.9","C","Elementary"
"02M217","2","P.S./I.S. 217 Roosevelt Island","D","23.8","10.4","D","K-8"
"02M225","2","Ella Baker School","C","39.2","23.4","C","K-8"
"02M234","2","P.S. 234 Independence School","A","59.4","33.3","B","Elementary"
"02M255","2","M.S. 255 Salk School of Science","A","80.1","46.6","A","Middle"
"02M260","2","M.S. 260 Clinton School Writers & Artists","B","55.0","26.6","B","Middle"
"02M276","2","BATTERY PARK CITY SCHOOL","A","78.3","49.1","A","Middle"
"02M288","2","Food and Finance High School","A","79.4","41.8","B","High School"
"02M289","2","I.S. 289","B","57.0","29.0","B","Middle"
"02M290","2","P.S. 290 Manhattan New School","A","73.6","42.1","A","Elementary"
"02M294","2","Essex Street Academy","B","66.0","37.0","B","High School"
"02M296","2","High School of Hospitality Management","A","83.7","43.4","A","High School"
"02M298","2","Pace High School","A","73.7","42.0","A","High School"
"02M300","2","Urban Assembly School of Design and Construction, The","B","60.1","31.0","C","High School"
"02M303","2","Facing History School, The","B","65.4","34.4","C","High School"
"02M305","2","Urban Assembly Academy of Government and Law, The","C","49.0","25.9","D","High School"
"02M308","2","Lower Manhattan Arts Academy","A","79.3","42.6","A","High School"
"02M312","2","New York City Lab Middle School for Collaborative","A","84.6","47.4","A","Middle"
"02M313","2","James Baldwin School, The: A School for Expeditionary Learning","C","52.6","26.6","D","Transfer High School"
"02M316","2","Urban Assembly School of Business for Young Women, the","B","60.2","31.5","C","High School"
"02M347","2","The 47 American Sign Language & English Lower Scho","A","75.0","50.3","A","K-8"
"02M374","2","Gramercy Arts High School","C","56.2","33.8","C","High School"
"02M400","2","High School for Environmental Studies","B","63.1","29.4","C","High School"
"02M407","2","Institute for Collaborative Education","B","44.1","21.9","C","Middle"
"02M407","2","Institute for Collaborative Education","A","74.2","47.7","A","High School"
"02M408","2","Professional Performing Arts High School","B","50.5","29.3","B","Middle"
"02M408","2","Professional Performing Arts High School","B","62.6","37.8","B","High School"
"02M411","2","Baruch College Campus High School","A","75.6","45.2","A","High School"
"02M412","2","N.Y.C. Lab School for Collaborative Studies","A","75.7","38.8","B","High School"
"02M413","2","School of the Future High School","A","63.2","33.9","B","Middle"
"02M413","2","School of the Future High School","B","69.5","36.9","B","High School"
"02M414","2","N.Y.C. Museum School","A","78.3","48.1","A","High School"
"02M416","2","Eleanor Roosevelt High School","A","79.3","44.8","A","High School"
"02M418","2","Millennium High School","A","77.4","44.4","A","High School"
"02M419","2","Landmark High School","D","41.3","26.0","D","High School"
"02M420","2","High School for Health Professions and Human Services","B","59.8","34.7","C","High School"
"02M422","2","Quest to Learn","B","42.8","19.0","C","Middle"
"02M425","2","Leadership and Public Service High School","C","51.1","27.4","D","High School"
"02M429","2","Legacy School for Integrated Studies","F","38.5","19.3","F","High School"
"02M439","2","Manhattan Village Academy","A","99.0","58.3","A","High School"
"02M442","2","Ballet Tech, NYC Public School for Dance","B","56.2","28.6","B","K-8"
"02M449","2","Vanguard High School","B","62.5","29.1","C","High School"
"02M459","2","Manhattan International High School","B","64.8","39.7","B","High School"
"02M460","2","Washington Irving High School","F","38.9","28.0","D","High School"
"02M560","2","High School M560 - City As School","C","51.3","15.0","F","Transfer High School"
"02M475","2","Stuyvesant High School","A","71.4","40.5","B","High School"
"02M489","2","High School of Economics and Finance","B","68.1","33.3","C","High School"
"02M500","2","Unity Center for Urban Technologies","A","74.2","40.9","B","High School"
"02M519","2","Talent Unlimited High School","B","68.6","42.2","A","High School"
"02M520","2","Murry Bergtraum High School for Business Careers","D","44.4","26.2","D","High School"
"02M529","2","Jacqueline Kennedy Onassis High School","C","52.1","31.6","C","High School"
"02M531","2","Repertory Company High School for Theatre Arts","B","69.8","44.9","A","High School"
"02M542","2","Manhattan Bridges High School","A","90.4","55.7","A","High School"
"02M543","2","New Design High School","A","76.6","44.9","A","High School"
"02M544","2","Independence High School","C","46.3","24.6","D","Transfer High School"
"02M545","2","High School for Dual Language and Asian Studies","A","82.3","48.2","A","High School"
"02M550","2","Liberty High School Academy for Newcomers","A","79.4","44.8","A","Transfer High School"
"02M551","2","The Urban Assembly New York Harbor School","A","75.7","41.0","B","High School"
"02M565","2","Urban Academy Laboratory High School","B","64.8","31.3","C","Transfer High School"
"02M473","2","Washington Irving Yabc","B","60","32.5","B","YABC"
"02M570","2","Satellite Academy High School","A","70.9","32.3","C","Transfer High School"
"02M575","2","Manhattan Comprehensive Night and Day High School","B","67.4","32.4","C","Transfer High School"
"02M580","2","Richard R. Green High School of Teaching","C","47.8","26.4","D","High School"
"02M586","2","Harvey Milk High School","C","53.4","31.3","C","Transfer High School"
"02M600","2","The High School of Fashion Industries","A","85.2","43.5","A","High School"
"02M605","2","Humanities Preparatory Academy","B","59.8","34.6","B","Transfer High School"
"02M615","2","Chelsea Career and Technical Education High School","B","58.8","41.5","B","High School"
"02M625","2","High School of Graphic Communication Arts","F","36.3","25.5","D","High School"
"02M630","2","Art and Design High School","B","66.6","34.7","C","High School"
"02M655","2","Life Sciences Secondary School","C","35.5","22.2","C","Middle"
"05M161","5","P.S. 161 Pedro Albizu Campos","B","46.4","23.1","C","K-8"
"02M655","2","Life Sciences Secondary School","B","61.9","31.8","C","High School"
"02M896","2","Lower Manhattan Community Middle School","B","50.4","24.2","C","Middle"
"03M009","3","P.S. 009 Sarah Anderson","A","59.4","30.8","B","Elementary"
"03M054","3","J.H.S. 054 Booker T. Washington","B","55.9","31.1","B","Middle"
"03M075","3","P.S. 075 Emily Dickinson","C","34.7","20.9","C","Elementary"
"03M076","3","P.S. 076 A. Philip Randolph","B","48.8","26.6","B","K-8"
"03M084","3","P.S. 084 Lillian Weber","F","14.3","8.2","F","Elementary"
"03M087","3","P.S. 087 William Sherman","B","45.0","23.9","C","Elementary"
"03M145","3","P.S. 145, The Bloomingdale School","C","36.3","24.6","B","Elementary"
"03M149","3","P.S. 149 Sojourner Truth","C","29.7","21.4","C","K-8"
"03M163","3","P.S. 163 Alfred E. Smith","C","27.1","9.8","F","Elementary"
"03M165","3","P.S. 165 Robert E. Simon","A","71.6","46.0","A","K-8"
"03M166","3","P.S. 166 The Richard Rodgers School of The Arts an","B","41.0","24.0","C","Elementary"
"03M180","3","P.S. 180 Hugo Newman","B","47.3","26.1","B","K-8"
"03M185","3","P.S. 185 John M. Langston","C","20.2","6.9","C","K-2"
"03M191","3","P.S. 191 Amsterdam","C","31.7","18.8","C","K-8"
"03M199","3","P.S. 199 Jessie Isador Straus","A","62.6","36.5","A","Elementary"
"03M208","3","P.S. 208 Alain L. Locke","D","19.2","7.8","F","Elementary"
"03M241","3","P.S. 241 Family Academy","B","50.2","31.2","B","K-8"
"03M242","3","PS M242-Gwendolyn Powell Brown Computer School","B","56.3","40.9","A","Elementary"
"03M243","3","M.S. 243 Center School","B","42.4","13.6","D","Middle"
"03M245","3","M.S. M245 The Computer School","B","48.6","20.3","C","Middle"
"03M247","3","M.S. M247 Dual Language Middle School","A","79.2","42.7","A","Middle"
"03M250","3","M.S. 250 West Side Collaborative Middle School","B","45.6","19.1","C","Middle"
"03M256","3","M.S. 256 Academic & Athletic Excellence","B","50.8","33.4","B","Middle"
"03M258","3","Community Action School - MS 258","A","66.9","34.7","B","Middle"
"03M283","3","Manhattan Theatre Lab High School","F","36.4","22.5","F","High School"
"03M299","3","High School for Arts, Imagination and Inquiry","C","47.3","29.1","C","High School"
"03M307","3","Urban Assembly School for Media Studies, The","A","89.0","49.9","A","High School"
"03M333","3","P.S. 333 Manhattan School for Children","B","41.6","22.0","C","K-8"
"03M334","3","The Anderson School","A","85.1","49.8","A","K-8"
"03M415","3","Wadleigh Secondary School for the Performing & Vis","D","16.3","8.0","F","Middle"
"03M415","3","Wadleigh Secondary School for the Performing & Visual Arts","D","44.6","21.2","F","High School"
"03M421","3","WEST PREP ACADEMY","C","36.7","24.1","C","Middle"
"03M479","3","Beacon High School","A","77.3","49.6","A","High School"
"03M485","3","Fiorello H. LaGuardia High School of Music & Art and Performing Arts","A","72.0","41.9","B","High School"
"03M492","3","High School for Law, Advocacy and Community Justice","A","79.2","42.1","A","High School"
"03M494","3","High School of Arts and Technology","C","50.5","27.0","D","High School"
"03M505","3","Edward A. Reynolds West Side High School","C","52.6","31.7","C","Transfer High School"
"03M541","3","Manhattan / Hunter Science High School","B","63.7","39.3","B","High School"
"03M859","3","Special Music School","A","82.0","51.0","A","K-8"
"03M860","3","Frederick Douglass Academy II Secondary School","F","13.9","8.3","F","Middle"
"03M860","3","Frederick Douglass Academy II Secondary School","C","56.6","33.4","C","High School"
"03M862","3","Mott Hall II","A","78.7","42.6","A","Middle"
"04M007","4","P.S. 007 Samuel Stern","C","34.4","20.8","C","K-8"
"04M012","4","Tag Young Scholars","B","56.4","25.3","B","K-8"
"04M013","4","J.H.S. 013 Jackie Robinson","C","32.2","21.5","C","Middle"
"04M037","4","River East Elementary","C","37.4","16.4","C","Elementary"
"04M038","4","P.S. 38 Roberto Clemente","B","46.3","34.4","A","Elementary"
"04M045","4","M.S. 45/S.T.A.R.S. Prep Academy","C","33.7","24.4","C","Middle"
"04M050","4","P.S. 050 Vito Marcantonio","C","32.5","23.9","C","K-8"
"04M057","4","James Weldon Johnson","A","72.4","33.6","B","K-8"
"04M072","4","The Lexington Academy","D","20.9","2.7","F","Elementary"
"04M083","4","P.S. 083 Luis Munoz Rivera","A","77.8","44.8","A","Elementary"
"04M096","4","P.S. 096 Joseph Lanzetta","B","46.2","33.1","B","K-8"
"04M102","4","P.S. 102 Jacques Cartier","B","45.1","22.7","C","Elementary"
"04M108","4","P.S. 108 Assemblyman Angelo Del Toro Educational C","A","77.2","44.3","A","K-8"
"04M112","4","P.S. 112 Jose Celso Barbosa","A","43.9","15.2","B","K-2"
"04M146","4","P.S. 146 Ann M. Short","A","57.7","42.3","A","Elementary"
"04M155","4","P.S. 155 William Paca","B","44.5","27.7","B","Elementary"
"04M171","4","P.S. 171 Patrick Henry","B","54.6","23.5","C","K-8"
"04M182","4","The Bilingual Bicultural School","B","41.6","18.3","C","Elementary"
"04M206","4","P.S. 206 Jose Celso Barbosa","D","24.9","3.9","F","Elementary"
"04M224","4","M.S. 224 Manhattan East School for Arts & Academic","C","29.6","15.3","C","Middle"
"04M372","4","ESPERANZA PREPARATORY ACADEMY","A","69.9","39.8","A","Middle"
"04M375","4","Mosaic Preparatory Academy","D","18.5","5.9","F","Elementary"
"04M377","4","Renaissance School of the Arts","D","20.4","5.3","F","Middle"
"04M381","4","Global Neighborhood Secondary School","B","43.4","28.6","B","Middle"
"04M406","4","GLOBAL TECHNOLOGY PREPARATORY","A","75.1","40.6","A","Middle"
"04M409","4","Coalition School for Social Change","C","52.4","31.2","C","High School"
"04M435","4","Manhattan Center for Science and Mathematics","A","70.8","37.0","B","High School"
"04M495","4","Park East High School","A","72.5","39.7","B","High School"
"04M497","4","Central Park East I","C","31.3","13.7","D","Elementary"
"04M555","4","Central Park East High School","A","71.5","43.3","A","High School"
"04M610","4","Young Women's Leadership School","B","41.5","20.6","C","Middle"
"04M610","4","Young Women's Leadership School","A","75.2","41.6","B","High School"
"04M680","4","Heritage School, The","B","62.1","37.6","B","High School"
"04M825","4","Isaac Newton Middle School for Math & Science","D","22.8","8.6","D","Middle"
"04M964","4","Central Park East II","A","65.0","41.7","A","Elementary"
"05M030","5","P.S. 030 Hernandez/Hughes","D","19.5","12.7","D","Elementary"
"05M036","5","P.S. 036 Margaret Douglas","C","34.8","22.9","C","Elementary"
"05M046","5","P.S. 046 Arthur Tappan","B","43.9","25.1","B","K-8"
"05M092","5","P.S. 092 Mary McLeod Bethune","B","42.9","25.9","B","Elementary"
"05M123","5","P.S. 123 Mahalia Jackson","D","24.3","15.7","C","K-8"
"05M125","5","P.S. 125 Ralph Bunche","C","31.6","23.0","C","Elementary"
"05M129","5","P.S. 129 John H. Finley","C","39.2","22.8","C","K-8"
"05M133","5","P.S. 133 Fred R Moore","C","31.5","22.4","C","Elementary"
"05M154","5","P.S. 154 Harriet Tubman","D","25.6","13.1","D","Elementary"
"05M175","5","P.S. 175 Henry H Garnet","B","44.4","31.2","B","Elementary"
"05M194","5","P.S. 194 Countee Cullen","D","19.5","16.0","C","Elementary"
"05M197","5","P.S. 197 John B. Russwurm","F","11.9","0.0","F","Elementary"
"05M200","5","P.S. 200- The James Mccune Smith School","C","28.8","16.1","C","Elementary"
"05M285","5","Harlem Renaissance High School","B","61.0","36.6","B","Transfer High School"
"05M286","5","I.S. M286 Renaissance Military Leadership Academy","C","37.9","19.4","C","Middle"
"05M302","5","KAPPA IV","A","59.6","34.7","B","Middle"
"05M304","5","Mott Hall High School","B","61.2","34.6","C","High School"
"05M318","5","Thurgood Marshall Academy Lower School","B","52.8","34.7","A","Elementary"
"05M362","5","Columbia Secondary School","A","60.0","35.0","A","Middle"
"05M367","5","Academy for Social Action: A College Board School","D","17.7","7.8","F","Middle"
"05M367","5","Academy for Social Action: A College Board School","C","53.9","29.4","C","High School"
"05M369","5","Urban Assembly School for the Performing Arts","D","45.6","29.4","C","High School"
"05M410","5","THE URBAN ASSEMBLY INSTITUTE FOR NEW TECHNOLOGIES","B","45.9","31.3","B","Middle"
"05M469","5","Choir Academy of Harlem","B","51.8","34.3","B","Middle"
"05M469","5","Choir Academy of Harlem","C","52.4","32.3","C","High School"
"05M499","5","Frederick Douglass Academy","B","47.6","28.0","B","Middle"
"05M499","5","Frederick Douglass Academy","C","40.6","16.1","F","High School"
"05M670","5","Thurgood Marshall Academy for Learning and Social","D","17.0","2.0","F","Middle"
"05M670","5","Thurgood Marshall Academy for Learning and Social Change","A","71.1","41.3","B","High School"
"05M685","5","Bread & Roses Integrated Arts High School","D","40.5","20.7","F","High School"
"05M692","5","High School for Mathematics, Science and Engineering at City College","A","72.3","41.2","B","High School"
"06M004","6","P.S. 004 Duke Ellington","B","50.0","33.2","B","Elementary"
"06M005","6","P.S. 005 Ellen Lurie","C","39.5","24.4","B","Elementary"
"06M008","6","P.S. 008 Luis Belliard","B","50.6","30.8","B","Elementary"
"06M018","6","P.S. 018 Park Terrace","A","57.1","32.9","B","K-8"
"06M028","6","P.S. 028 Wright Brothers","B","52.5","30.9","B","Elementary"
"06M048","6","P.S. 048 P.O. Michael J. Buczek","A","74.0","44.4","A","Elementary"
"06M052","6","J.H.S. 052 Inwood","B","48.8","28.6","B","Middle"
"06M098","6","P.S. 098 Shorac Kappock","C","34.6","20.9","C","Elementary"
"06M115","6","P.S. 115 Alexander Humboldt","C","29.0","19.0","C","Elementary"
"06M128","6","P.S. 128 Audubon","B","43.0","23.3","C","Elementary"
"06M132","6","P.S. 132 Juan Pablo Duarte","D","22.8","8.0","F","Elementary"
"06M143","6","J.H.S. 143 Eleanor Roosevelt","B","53.2","34.7","B","Middle"
"06M152","6","P.S. 152 Dyckman Valley","C","31.3","21.0","C","Elementary"
"06M153","6","P.S. 153 Adam Clayton Powell","A","68.2","40.1","A","Elementary"
"06M173","6","P.S. 173","B","51.8","35.0","A","Elementary"
"06M178","6","Professor Juan Bosch Public School","B","29.9","8.5","C","K-2"
"06M187","6","P.S./I.S. 187 Hudson Cliffs","B","47.6","28.6","B","K-8"
"06M189","6","P.S. 189","A","57.8","33.0","B","Elementary"
"06M192","6","P.S. 192 Jacob H. Schiff","B","46.1","27.4","B","Elementary"
"06M210","6","P.S./I.S. 210 - Twenty-first Century Academy for","C","32.1","10.9","D","K-8"
"06M218","6","I.S. 218 Salome Urena","C","40.1","25.1","B","Middle"
"06M223","6","The Mott Hall School","B","57.6","32.7","B","Middle"
"06M278","6","Paula Hedbavny School","A","73.4","44.2","A","K-8"
"06M293","6","City College Academy of the Arts","A","76.7","41.5","A","Middle"
"06M311","6","Amistad Dual Language School","A","60.3","32.1","B","K-8"
"06M314","6","Muscota","C","37.5","22.0","C","Elementary"
"06M319","6","M.S. 319 - Maria Teresa","A","65.4","36.7","A","Middle"
"06M322","6","Middle School 322","C","33.0","18.3","C","Middle"
"06M324","6","M.S. 324 - Patria Mirabal","A","79.4","44.2","A","Middle"
"06M325","6","P.S. 325","C","32.2","16.9","C","Elementary"
"06M326","6","M.S. 326 - Writers Today & Leaders Tomorrow","A","67.8","42.0","A","Middle"
"06M328","6","M.S. 328 - Manhattan Middle School for Scientific","B","45.3","26.2","B","Middle"
"06M346","6","Community Health Academy of the Heights","C","38.9","27.1","B","Middle"
"06M348","6","Washington Heights Expeditionary Learning School","A","63.5","36.5","A","Middle"
"06M349","6","Harbor Heights","A","71.7","47.4","A","Middle"
"06M366","6","Washington Heights Academy","B","41.5","29.1","B","Elementary"
"06M368","6","Hamilton Heights School","A","58.6","39.6","A","Elementary"
"06M457","6","George Washington Yabc","A","99.5","51.2","A","YABC"
"06M462","6","High School for International Business and Finance","C","49.0","22.5","F","High School"
"06M463","6","High School for Media and Communications","C","54.2","32.9","C","High School"
"06M467","6","High School for Law and Public Service","A","70.1","36.5","B","High School"
"06M468","6","High School for Health Careers and Sciences","D","44.1","22.9","F","High School"
"06M528","6","I.S. 528 Bea Fuller Rodgers School","D","23.4","9.2","D","Middle"
"06M540","6","A. Philip Randolph Campus High School","C","47.3","24.4","D","High School"
"06M552","6","Gregorio Luperon High School for Science and Mathematics","A","71.4","42.3","A","High School"
"07X001","7","P.S. 001 Courtlandt School","D","20.7","11.0","D","Elementary"
"07X005","7","P.S. 005 Port Morris","B","48.8","27.0","B","Elementary"
"07X018","7","P.S. 018 John Peter Zenger","A","57.3","41.3","A","Elementary"
"07X025","7","P.S. 025 Bilingual School","B","49.3","25.7","B","Elementary"
"07X029","7","P.S./M.S. 029 Melrose School","D","21.1","11.3","D","K-8"
"07X030","7","P.S. 030 Wilton","A","68.4","47.4","A","Elementary"
"07X031","7","P.S./M.S. 031 The William Lloyd Garrison","C","38.1","23.0","C","K-8"
"07X043","7","P.S. 043 Jonas Bronck","A","56.7","34.4","A","Elementary"
"07X049","7","P.S. 049 Willis Avenue","B","45.1","25.6","B","Elementary"
"07X065","7","P.S. 065 Mother Hale Academy","B","41.2","29.2","B","Elementary"
"07X151","7","J.H.S. 151 Lou Gehrig","A","62.2","37.1","A","Middle"
"07X154","7","P.S. 154 Jonathan D. Hyatt","C","30.5","20.0","C","Elementary"
"07X157","7","P.S. 157 Grove Hill","C","35.6","19.2","C","Elementary"
"07X161","7","P.S. 161 Ponce De Leon","B","43.2","29.5","B","Elementary"
"07X162","7","J.H.S. 162 Lola Rodriguez De Tio","C","27.1","17.2","C","Middle"
"07X179","7","P.S. 179","F","13.4","0.1","F","Elementary"
"07X203","7","M.S. 203","C","23.8","16.6","C","Middle"
"07X221","7","South Bronx Preparatory: A College Board School","C","34.3","20.6","C","Middle"
"07X221","7","South Bronx Preparatory: A College Board School","A","78.5","42.2","A","High School"
"08X152","8","P.S. 152 Evergreen","A","62.3","36.7","A","Elementary"
"07X223","7","M.S. 223 The Laboratory School of Finance and Tech","B","50.7","28.0","B","Middle"
"07X224","7","P.S. / I.S. 224","D","20.1","15.0","C","Middle"
"07X277","7","P.S. 277","F","15.7","5.0","F","Elementary"
"07X296","7","South Bronx Academy for Applied Media","A","59.8","35.1","A","Middle"
"07X298","7","Academy of Public Relations","A","61.9","42.8","A","Middle"
"07X321","7","Crotona Academy High School","C","52.5","28.6","C","Transfer High School"
"07X334","7","International Community High School","A","75.5","44.6","A","High School"
"07X343","7","Academy of Applied Mathematics and Technology","A","60.8","32.9","B","Middle"
"07X369","7","Young Leaders Elementary School","D","20.7","11.8","D","Elementary"
"07X379","7","Jill Chaifetz Transfer High School","C","52.6","28.1","C","Transfer High School"
"07X381","7","Bronx Haven High School","C","48.4","23.7","D","Transfer High School"
"07X385","7","Performance School","C","26.8","20.2","C","Elementary"
"07X427","7","Community School for Social Justice","C","54.9","30.3","C","High School"
"07X456","7","Alfred E. Smith Campus YABC","A","82.9","42.4","B","YABC"
"07X473","7","Mott Haven Village Preparatory High School","B","58.0","35.2","B","High School"
"07X495","7","University Heights Secondary School","A","70.1","43.3","A","High School"
"07X500","7","Hostos-Lincoln Academy of Science","C","34.2","17.5","C","Middle"
"07X500","7","Hostos-Lincoln Academy of Science","B","59.0","29.1","C","High School"
"07X520","7","Foreign Language Academy of Global Studies","C","51.1","28.0","D","High School"
"07X527","7","Bronx Leadership Academy II High School","B","58.3","35.1","B","High School"
"07X547","7","New Explorers High School","B","62.8","36.8","B","High School"
"07X548","7","Urban Assembly School for Careers in Sports","A","72.1","36.4","B","High School"
"07X551","7","Bronx Academy of Letters","C","34.3","17.1","C","Middle"
"07X551","7","Bronx Academy of Letters","A","74.9","38.4","B","High School"
"07X600","7","Alfred E. Smith Career and Technical Education High School","C","49.6","30.7","C","High School"
"07X655","7","Samuel Gompers Career and Technical Education High School","F","33.5","17.5","F","High School"
"07X670","7","Health Opportunities High School","B","58.8","33.1","C","High School"
"08X014","8","P.S. X014 Senator John Calandra","D","21.1","8.1","F","Elementary"
"08X036","8","P.S. 036 Unionport","B","41.1","21.1","C","Elementary"
"08X048","8","P.S. 048 Joseph R. Drake","A","57.3","39.0","A","Elementary"
"08X062","8","P.S. 062 Inocensio Casanova","A","61.0","42.7","A","Elementary"
"08X069","8","P.S. 069 The New Vision School","A","73.6","41.4","A","Elementary"
"08X071","8","P.S. 071 Rose E. Scala","C","39.6","23.0","C","K-8"
"08X072","8","P.S. 072 Dr. William Dorney","C","29.5","21.1","C","Elementary"
"08X075","8","P.S. 075","A","56.9","37.0","A","Elementary"
"08X093","8","P.S. 093 Albert G. Oliver","A","59.5","37.8","A","Elementary"
"08X100","8","P.S. 100 Isaac Clason","B","46.2","28.6","B","Elementary"
"08X101","8","M.S. X101 Edward R. Byrne","B","43.8","23.7","C","Middle"
"08X107","8","P.S. 107","C","30.9","26.5","B","Elementary"
"08X119","8","P.S. 119","B","47.5","31.6","B","Elementary"
"08X123","8","J.H.S. 123 James M. Kieran","B","50.8","33.1","B","Middle"
"08X125","8","J.H.S. 125 Henry Hudson","C","28.6","16.9","C","Middle"
"08X130","8","P.S. 130 Abram Stevens Hewitt","C","35.0","21.2","C","Elementary"
"08X131","8","J.H.S. 131 Albert Einstein","C","31.0","19.9","C","Middle"
"08X138","8","P.S. 138 Samuel Randall","C","38.9","22.4","C","Elementary"
"08X140","8","P.S. X140 The Eagle School","C","36.2","23.9","C","Elementary"
"08X146","8","P.S. 146 Edward Collins","B","41.5","23.6","C","Elementary"
"08X182","8","P.S. 182","B","42.5","23.7","C","Elementary"
"08X269","8","Bronx Studio School for Writers and Artists","C","35.8","20.2","C","Middle"
"08X282","8","Women's Academy of Excellence","B","59.0","32.1","C","High School"
"08X293","8","Renaissance High School for Musical Theater & Technology","B","68.6","36.4","B","High School"
"08X295","8","Gateway School for Environmental Research and Technology","D","46.6","27.9","D","High School"
"08X301","8","M.S. 301 Paul L. Dunbar","C","30.5","18.1","C","Middle"
"08X302","8","M.S. 302 Luisa Dessus Cruz","A","77.7","48.9","A","Middle"
"08X304","8","P.S. 304 Early Childhood School","B","46.4","20.9","C","Elementary"
"08X305","8","Pablo Neruda Academy for Architecture and World Studies","B","59.8","38.3","B","High School"
"08X312","8","Millennium Art Academy","A","78.4","42.5","A","High School"
"08X332","8","Holcombe L. Rucker School of Community Research","D","43.2","21.8","F","High School"
"08X333","8","P.S. 333 - The Museum School","C","28.7","15.0","D","Elementary"
"08X335","8","The Academy of the Arts","B","45.1","27.5","B","Elementary"
"08X337","8","The School for Inquiry and Social Justice","A","71.8","42.8","A","Middle"
"08X366","8","Urban Assembly Academy of Civic Engagement","C","30.7","13.9","D","Middle"
"08X367","8","Archimedes Academy for Math, Science and Technolog","B","47.6","30.1","B","Middle"
"08X371","8","Urban Institute of Mathematics","B","50.7","29.4","B","Middle"
"08X375","8","The Bronx Mathematics Preparatory School","C","25.1","13.7","D","Middle"
"08X376","8","Antonia Pantoja Preparatory Academy, A College Boa","B","47.7","30.9","B","Middle"
"08X377","8","Bronx Community High School","B","57.1","28.5","C","Transfer High School"
"08X405","8","Herbert H. Lehman High School","F","30.4","17.1","F","High School"
"08X408","8","Herbert H. Lehman Yabc","A","80.2","38.4","B","YABC"
"08X424","8","The Hunts Point School","C","38.6","22.0","C","Middle"
"08X448","8","SOUNDVIEW ACADEMY FOR CULTURE AND SCHOLARSHIP","D","18.8","8.6","D","Middle"
"08X452","8","Bronx Guild","B","59.4","32.7","C","High School"
"08X467","8","MOTT HALL COMMUNITY SCHOOL","B","50.4","28.0","B","Middle"
"08X507","8","Stevenson Yabc","D","36.9","18.6","F","YABC"
"08X519","8","Felisa Rincon de Gautier Institute for Law and Public Policy, The","B","59.2","28.0","D","High School"
"08X530","8","Banana Kelly High School","C","47.9","26.9","D","High School"
"08X650","8","Jane Addams High School for Academic Careers","F","39.4","23.8","F","High School"
"09X004","9","P.S./M.S. 004 Crotona Park West","C","36.8","22.5","C","K-8"
"09X011","9","P.S. 011 Highbridge","D","21.2","14.0","D","Elementary"
"09X022","9","J.H.S. 022 Jordan L. Mott","C","29.9","19.5","C","Middle"
"09X028","9","P.S. 028 Mount Hope","B","42.8","23.2","C","Elementary"
"09X035","9","P.S. 035 Franz Siegel","B","48.8","23.8","C","Elementary"
"09X042","9","P.S. 042 Claremont","C","31.8","15.3","D","Elementary"
"09X053","9","P.S. 053 Basheer Quisim","B","47.5","26.0","B","Elementary"
"09X055","9","P.S. 055 Benjamin Franklin","B","41.0","29.7","B","Elementary"
"09X058","9","P.S. 058","D","23.3","16.8","C","Elementary"
"09X063","9","P.S. 063 Author's Academy","C","37.9","11.7","D","Elementary"
"09X064","9","P.S. 064 Pura Belpre","D","18.8","10.3","F","Elementary"
"09X070","9","P.S. 070 Max Schoenfeld","C","31.4","21.0","C","Elementary"
"09X073","9","P.S. 073 Bronx","A","57.6","40.1","A","Elementary"
"09X088","9","P.S. X088 - S. Silverstein Little Sparrow School","B","38.2","12.7","B","K-3"
"09X109","9","P.S. 109 Sedgwick","B","44.7","22.9","C","Elementary"
"09X110","9","P.S. 110 Theodore Schoenfeld","B","42.6","18.1","C","Elementary"
"09X114","9","P.S. X114 - Luis Llorens Torres Schools","F","17.5","8.3","F","Elementary"
"09X117","9","I.S. 117 Joseph H. Wade","C","39.3","25.1","B","Middle"
"09X126","9","P.S. 126 Dr Marjorie H Dunbar","A","60.5","41.2","A","Elementary"
"09X128","9","Mott Hall III","A","65.7","39.6","A","Middle"
"09X132","9","P.S. 132 Garret A. Morgan","C","37.4","27.8","B","Elementary"
"09X145","9","J.H.S. 145 Arturo Toscanini","B","53.3","32.0","B","Middle"
"09X163","9","P.S. 163 Arthur A. Schomburg","C","27.2","15.5","C","Elementary"
"09X170","9","P.S. 170","B","29.9","7.7","C","K-2"
"09X199","9","P.S. 199X - The Shakespeare School","A","79.5","51.7","A","Elementary"
"09X204","9","P.S. 204 Morris Heights","B","44.3","14.8","D","Elementary"
"09X215","9","Kappa","B","55.0","33.3","B","Middle"
"09X218","9","P.S./I.S. 218 Rafael Hernandez Dual Language Magne","C","41.0","18.3","C","K-8"
"09X219","9","I.S. 219 New Venture School","C","30.4","20.9","C","Middle"
"09X227","9","Bronx Expeditionary Learning High School","B","62.5","37.6","B","High School"
"09X229","9","I.S. 229 Roland Patterson","B","56.9","37.1","A","Middle"
"09X230","9","P.S. 230 Dr Roland N. Patterson","C","27.3","17.5","C","Elementary"
"09X231","9","Eagle Academy for Young Men","B","67.0","34.0","C","High School"
"09X232","9","I.S. 232","A","59.9","38.7","A","Middle"
"09X236","9","P.S. 236 Langston Hughes","C","22.1","7.2","C","K-2"
"09X241","9","Urban Assembly School for Applied Math and Science","B","44.2","23.7","C","Middle"
"09X241","9","Urban Assembly School for Applied Math and Science, The","A","81.9","47.4","A","High School"
"09X250","9","Eximius College Preparatory Academy: A College Board School","B","69.5","39.8","B","High School"
"09X252","9","Mott Hall Bronx High School","B","59.7","27.0","D","High School"
"09X260","9","Bronx Center for Science and Mathematics","A","75.0","43.5","A","High School"
"09X263","9","Validus Preparatory Academy: An Expeditionary Learning School","C","54.7","29.1","C","High School"
"09X276","9","Leadership Institute","C","57.4","32.4","C","High School"
"09X297","9","Morris Academy for Collaborative Studies","B","67.2","35.9","B","High School"
"09X303","9","I.S. X303 Leadership & Community Service","C","29.6","16.4","C","Middle"
"09X313","9","I.S. 313 School of Leadership Development","C","30.7","18.5","C","Middle"
"09X323","9","Bronx Writing Academy","C","30.5","19.6","C","Middle"
"09X324","9","Bronx Early College Academy for Teaching & Learnin","C","26.6","12.6","D","Middle"
"09X325","9","Urban Science Academy","C","33.8","23.1","C","Middle"
"09X327","9","Comprehensive Model School Project M.S. 327","B","56.5","30.9","B","Middle"
"09X328","9","New Millennium Business Academy Middle School","D","15.6","5.6","F","Middle"
"09X329","9","DreamYard Preparatory School","D","40.8","25.9","D","High School"
"09X339","9","I.S. 339","D","19.2","11.6","D","Middle"
"09X365","9","Academy for Language and Technology","A","74.4","43.5","A","High School"
"09X403","9","Bronx International High School","A","76.3","50.7","A","High School"
"09X404","9","School for Excellence","B","65.5","41.0","B","High School"
"09X412","9","Bronx High School of Business","C","53.1","33.1","C","High School"
"09X413","9","Bronx High School for Medical Science","B","45.2","24.4","C","Middle"
"09X413","9","Bronx High School for Medical Science","C","54.1","28.4","C","High School"
"09X414","9","Jonathan Levin High School for Media and Communications","C","49.6","29.0","C","High School"
"09X443","9","THE FAMILY SCHOOL","D","14.7","4.1","F","K-3"
"09X454","9","SCIENCE AND TECHNOLOGY ACADEMY: A MOTT HALL SCHOOL","A","71.7","44.9","A","Middle"
"09X457","9","SHERIDAN ACADEMY FOR YOUNG LEADERS","C","18.3","5.3","C","K-3"
"09X505","9","Bronx School for Law, Government and Justice","C","40.3","18.5","C","Middle"
"09X505","9","Bronx School for Law, Government and Justice","C","55.5","29.5","C","High School"
"09X517","9","Frederick Douglass Academy III Secondary School","B","67.5","34.3","C","High School"
"09X525","9","Bronx Leadership Academy High School","B","62.8","33.4","C","High School"
"09X543","9","High School for Violin and Dance","A","73.8","40.8","B","High School"
"10X003","10","P.S. 3 Raul Julia Micro Society","B","48.6","29.8","B","K-8"
"10X007","10","P.S. 007 Kingsbridge","A","66.8","42.1","A","Elementary"
"10X008","10","P.S. 008 Issac Varian","B","42.6","27.8","B","Elementary"
"10X009","10","P.S. 9 Ryer Avenue Elementary School","C","35.0","20.3","C","Elementary"
"10X015","10","P.S. X015 Institute for Environmental Learning","A","64.3","32.4","B","K-8"
"10X020","10","P.S. 20 P.O.George J. Werdan III","C","37.5","21.2","C","K-8"
"10X023","10","P.S. 023 The New Children's School","B","29.9","10.5","B","K-2"
"10X024","10","P.S. 024 Spuyten Duyvil","B","45.0","27.0","B","Elementary"
"10X032","10","P.S. 032 Belmont","B","43.2","10.6","F","Elementary"
"10X033","10","P.S. 033 Timothy Dwight","C","40.0","23.7","C","Elementary"
"10X037","10","P.S. X037 - Multiple Intelligence School","C","31.6","15.9","C","K-8"
"10X045","10","Thomas C. Giordano Middle School 45","C","40.4","24.2","C","Middle"
"10X046","10","P.S. 046 Edgar Allan Poe","C","35.1","23.9","C","Elementary"
"10X051","10","P.S. 051 Bronx New School","A","72.0","47.8","A","Elementary"
"10X054","10","P.S. / I.S. 54","D","22.6","14.3","D","Elementary"
"10X056","10","P.S. 056 Norwood Heights","A","67.1","42.5","A","Elementary"
"10X059","10","P.S. 059 The Community School of Technology","B","41.6","23.1","C","Elementary"
"10X080","10","J.H.S. 080 The Mosholu Parkway","C","31.2","21.6","C","Middle"
"10X081","10","P.S. 081 Robert J. Christen","C","36.0","17.1","C","Elementary"
"10X085","10","P.S. 085 Great Expectations","C","26.3","19.8","C","Elementary"
"10X086","10","P.S. 086 Kingsbridge Heights","A","61.7","31.5","B","Elementary"
"10X091","10","P.S. 091 Bronx","C","40.2","30.7","B","Elementary"
"10X094","10","P.S. 094 Kings College School","C","39.9","27.4","B","Elementary"
"10X095","10","P.S. 095 Sheila Mencher","C","38.2","24.0","C","K-8"
"10X118","10","J.H.S. 118 William W. Niles","C","28.9","16.0","C","Middle"
"10X141","10","Riverdale / Kingsbridge Academy (Middle School / H","C","35.5","20.7","C","Middle"
"10X141","10","Riverdale / Kingsbridge Academy (Middle School / High School 141)","A","73.9","40.0","B","High School"
"10X159","10","P.S. 159 Luis Munoz Marin Biling","C","31.6","13.2","D","Elementary"
"10X205","10","P.S. 205 Fiorello Laguardia","B","46.0","17.1","C","Elementary"
"10X206","10","I.S. 206 Ann Mersereau","C","41.1","22.7","C","Middle"
"10X207","10","P.S. 207","C","26.7","8.1","C","K-2"
"10X209","10","P.S. 209","B","37.9","10.4","B","K-2"
"10X213","10","Bronx Engineering and Technology Academy","C","57.3","25.9","D","High School"
"10X225","10","Theatre Arts Production Company School","C","29.6","15.9","C","Middle"
"10X226","10","P.S. 226","C","39.9","25.3","B","Elementary"
"10X228","10","Jonas Bronck Academy","B","47.2","21.3","C","Middle"
"10X237","10","The Marie Curie School for Medicine, Nursing, and Health Professions","B","58.4","35.0","B","High School"
"10X243","10","West Bronx Academy for the Future","C","39.7","18.9","C","Middle"
"10X243","10","West Bronx Academy for the Future","C","53.8","31.9","C","High School"
"10X244","10","The New School for Leadership and Journalism","A","69.5","38.9","A","Middle"
"10X246","10","P.S. 246 Poe Center","B","40.8","24.5","B","Elementary"
"10X254","10","I.S. 254","C","36.6","21.4","C","Middle"
"10X268","10","Kingsbridge International High School","B","69.6","43.2","A","High School"
"10X279","10","P.S. 279 Captain Manuel Rivera, Jr.","B","47.6","28.8","B","K-8"
"10X280","10","P.S./M.S. 280 Mosholu Parkway","B","44.3","22.7","C","K-8"
"10X284","10","Bronx School of Law and Finance","B","58.6","36.3","B","High School"
"10X291","10","P.S. 291","B","41.2","16.0","C","Elementary"
"10X306","10","P.S. 306","D","24.9","14.9","D","Elementary"
"10X307","10","P.S. X307 - Eames Place","A","57.5","24.6","B","Elementary"
"10X308","10","Bronx Dance Academy School","B","48.5","25.5","B","Middle"
"10X310","10","P.S. 310 Marble Hill","D","25.2","12.0","D","Elementary"
"10X315","10","P.S. 315 Lab School","A","64.2","33.4","B","K-8"
"10X331","10","The Bronx School of Science Inquiry and Investigat","B","43.3","24.4","C","Middle"
"10X340","10","P.S. 340","C","31.7","13.7","D","Elementary"
"10X342","10","International School for Liberal Arts","A","73.6","51.7","A","Middle"
"10X342","10","International School for Liberal Arts","C","56.0","26.0","D","High School"
"10X344","10","Ampark Neighborhood","C","22.1","9.9","F","Elementary"
"10X360","10","P.S. 360","C","33.1","19.4","C","Elementary"
"10X368","10","In-Tech Academy (M.S. / High School 368)","B","48.7","27.3","B","Middle"
"10X368","10","In-Tech Academy (M.S. / High School 368)","C","57.2","33.0","C","High School"
"10X374","10","Knowledge and Power Preparatory Academy International High School (Kappa)","A","78.4","39.6","B","High School"
"10X382","10","Elementary School for Math, Science, and Technolog","B","46.5","29.3","B","Elementary"
"10X386","10","School for Environmental Citizenship","F","16.6","3.6","F","Elementary"
"10X390","10","M.S. 390","B","45.9","27.4","B","Middle"
"10X391","10","The Angelo Patri Middle School","C","40.7","27.0","B","Middle"
"10X396","10","P.S. 396","B","41.2","21.2","C","Elementary"
"10X433","10","High School for Teaching and the Professions","B","69.6","42.5","A","High School"
"10X434","10","Belmont Preparatory High School","A","70.9","41.0","B","High School"
"10X437","10","Fordham High School for the Arts","A","77.6","39.3","B","High School"
"10X438","10","Fordham Leadership Academy for Business and Technology","D","40.6","27.1","D","High School"
"10X439","10","Bronx High School for Law and Community Service","B","58.6","32.4","C","High School"
"10X440","10","DeWitt Clinton High School","F","39.4","21.9","F","High School"
"10X442","10","Celia Cruz Bronx High School of Music, The","C","54.8","31.8","C","High School"
"10X445","10","Bronx High School of Science","A","74.7","43.8","A","High School"
"10X447","10","CRESTON ACADEMY","C","38.4","17.7","C","Middle"
"10X459","10","EAST FORDHAM ACADEMY FOR THE ARTS","A","60.8","37.5","A","Middle"
"10X477","10","Marble Hill High School for International Studies","A","88.7","50.9","A","High School"
"10X503","10","Walton Yabc","C","49.7","28","C","YABC"
"10X504","10","Kennedy Yabc","D","42.1","22.4","D","YABC"
"10X546","10","Bronx Theatre High School","C","55.9","29.7","C","High School"
"10X549","10","Discovery High School","A","84.2","45.4","A","High School"
"10X660","10","Grace Dodge Career and Technical Education High School","F","39.9","24.8","D","High School"
"10X667","10","Grace Dodge Yabc","D","41.1","16","F","YABC"
"10X696","10","High School of American Studies at Lehman College","A","76.3","42.3","A","High School"
"11X016","11","P.S. 016 Wakefield","B","40.7","30.8","B","Elementary"
"11X019","11","P.S. 019 Judith K. Weiss","B","53.0","32.4","B","K-8"
"11X021","11","P.S. 021 Philip H. Sheridan","C","27.1","18.1","C","Elementary"
"11X041","11","P.S. 041 Gun Hill Road","A","77.6","46.9","A","Elementary"
"11X068","11","P.S. 068 Bronx","B","48.0","27.0","B","Elementary"
"11X076","11","P.S. 076 The Bennington School","B","44.9","27.6","B","Elementary"
"11X078","11","P.S. 078 Anne Hutchinson","B","49.3","33.2","B","Elementary"
"11X083","11","P.S. 083 Donald Hertz","B","48.4","29.0","B","K-8"
"11X087","11","P.S. 087 Bronx","C","29.7","23.0","C","Elementary"
"11X089","11","P.S. 089 Bronx","C","35.9","25.9","B","K-8"
"11X096","11","P.S. 096 Richard Rodgers","B","47.7","25.0","B","Elementary"
"11X097","11","P.S. 097 Bronx","A","70.1","46.4","A","Elementary"
"11X103","11","P.S. 103 Hector Fontanez","B","49.2","32.7","B","Elementary"
"11X105","11","P.S. 105 Sen Abraham Bernstein","C","32.8","17.0","C","Elementary"
"11X106","11","P.S. 106 Parkchester","B","46.9","26.1","B","Elementary"
"11X108","11","P.S. 108 Philip J. Abinanti","C","38.6","22.9","C","Elementary"
"11X111","11","P.S. 111 Seton Falls","C","26.0","19.1","C","Elementary"
"11X112","11","P.S. 112 Bronxwood","D","18.3","8.5","F","Elementary"
"11X121","11","P.S. 121 Throop","C","31.2","13.5","D","Elementary"
"11X127","11","J.H.S. 127 The Castle Hill","C","31.3","17.1","C","Middle"
"11X142","11","MS 142 John Philip Sousa","C","35.7","25.6","B","Middle"
"11X144","11","J.H.S. 144 Michelangelo","C","33.5","24.0","C","Middle"
"11X153","11","P.S. 153 Helen Keller","A","71.6","43.2","A","Elementary"
"11X160","11","P.S. 160 Walt Disney","C","35.0","24.8","B","Elementary"
"11X175","11","P.S. 175 City Island","C","27.8","13.2","D","K-8"
"11X178","11","P.S. 178 - Dr. Selman Waksman","B","54.3","39.9","A","Elementary"
"11X180","11","M.S. 180 Dr. Daniel Hale Williams","C","39.2","17.2","C","Middle"
"11X181","11","I.S. 181 Pablo Casals","B","51.2","26.2","B","Middle"
"11X189","11","Cornerstone Academy for Social Action","C","40.1","28.7","B","Elementary"
"11X194","11","PS/MS 194","C","37.8","22.3","C","K-8"
"11X249","11","Bronx Health Sciences High School","A","83.3","46.3","A","High School"
"11X253","11","Bronx High School for Writing and Communication Arts","C","49.5","29.5","C","High School"
"11X265","11","Bronx Lab School","C","52.7","27.9","D","High School"
"11X270","11","Academy for Scholarship and Entrepreneurship: A Co","D","18.7","9.5","D","Middle"
"11X270","11","Academy for Scholarship and Entrepreneurship: A College Board School","D","46.8","26.5","D","High School"
"11X272","11","Globe School for Environmental Research","C","33.8","24.0","C","Middle"
"11X275","11","High School of Computers and Technology","A","84.2","41.0","B","High School"
"11X287","11","The Forward School","B","43.8","27.8","B","Middle"
"11X288","11","Collegiate Institute for Math and Science","A","77.2","44.6","A","High School"
"11X289","11","The Young Scholars Academy of The Bronx","C","33.6","21.8","C","Middle"
"11X290","11","Bronx Academy of Health Careers","A","75.2","44.6","A","High School"
"11X299","11","Astor Collegiate Academy","C","54.0","26.7","D","High School"
"11X322","11","Aspire Preparatory Middle School","F","13.6","7.0","F","Middle"
"11X326","11","Bronx Green Middle School","B","48.1","31.0","B","Middle"
"11X370","11","School of Diplomacy","F","12.8","6.6","F","Middle"
"11X417","11","C Columbus Hs Yabc","B","71","31","C","YABC"
"11X418","11","Bronx High School for the Visual Arts","C","55.5","29.5","C","High School"
"11X455","11","Harry S Truman High School","B","69.4","37.6","B","High School"
"11X462","11","CORNERSTONE ACADEMY FOR SOCIAL ACTION MIDDLE SCHOO","B","41.5","21.5","C","Middle"
"11X468","11","PELHAM ACADEMY OF ACADEMICS AND COMMUNITY ENGAGEME","B","51.0","26.5","B","Middle"
"11X513","11","New World High School","B","65.2","39.6","B","High School"
"11X514","11","The Bronxwood Preparatory Academy","C","49.1","28.7","C","High School"
"11X542","11","Pelham Preparatory Academy","B","67.2","35.2","B","High School"
"11X544","11","High School for Contemporary Arts","A","72.8","31.4","C","High School"
"12X006","12","P.S. 006 West Farms","C","28.3","22.4","C","Elementary"
"12X044","12","P.S. 044 David C. Farragut","C","34.4","16.9","C","Elementary"
"12X047","12","P.S. 047 John Randolph","B","48.3","24.7","B","Elementary"
"12X050","12","P.S. 050 Clara Barton","C","36.4","26.8","B","Elementary"
"12X057","12","P.S. 057 Crescent","C","37.9","20.1","C","Elementary"
"12X061","12","P.S. 061 Francisco Oller","D","19.1","2.0","F","Elementary"
"12X066","12","P.S. 066 School of Higher Expectations","B","49.8","28.3","B","Elementary"
"12X067","12","P.S. 067 Mohegan School","B","55.3","37.5","A","Elementary"
"12X092","12","P.S. 092 Bronx","C","28.5","23.9","C","Elementary"
"12X098","12","J.H.S. 098 Herman Ridder","C","39.3","20.9","C","Middle"
"12X129","12","P.S. 129 Twin Parks Upper","B","53.7","29.7","B","Middle"
"12X134","12","P.S. 134 George F. Bristow","C","34.6","21.7","C","Elementary"
"12X150","12","P.S. 150 Charles James Fox","B","41.7","22.5","C","Elementary"
"12X190","12","E.S.M.T- I.S. 190","C","30.7","13.6","D","Middle"
"12X195","12","P.S. 195","C","39.7","26.3","B","Elementary"
"12X196","12","P.S. 196","C","30.1","10.7","F","Elementary"
"12X211","12","P.S. 211","B","57.0","38.6","A","K-8"
"12X212","12","P.S. 212","B","56.1","37.5","A","K-8"
"12X214","12","P.S. 214","B","56.5","33.8","B","K-8"
"12X217","12","School of Performing Arts","C","34.8","22.1","C","Middle"
"12X242","12","Mott Hall V","B","53.9","31.7","B","Middle"
"12X248","12","Metropolitan High School, The","A","80.3","43.4","A","High School"
"12X251","12","Explorations Academy","B","68.9","37.9","B","High School"
"12X267","12","Bronx Latin","A","79.6","47.9","A","Middle"
"12X267","12","Bronx Latin","A","75.7","44.5","A","High School"
"12X271","12","East Bronx Academy for the Future","C","38.3","22.9","C","Middle"
"12X271","12","East Bronx Academy for the Future","B","67.5","37.8","B","High School"
"12X273","12","Frederick Douglass Academy V. Middle School","B","53.4","30.1","B","Middle"
"12X278","12","Peace and Diversity Academy","C","53.4","29.9","C","High School"
"12X286","12","Fannie Lou Hamer Middle School","C","30.3","12.2","D","Middle"
"12X300","12","The School of Science and Applied Learning","D","24.3","15.1","D","Elementary"
"12X316","12","Kappa III","A","60.5","35.5","A","Middle"
"12X318","12","I.S. X318 Math, Science & Technology Through Arts","B","53.7","31.4","B","Middle"
"12X341","12","Accion Academy","C","38.8","22.4","C","Middle"
"12X372","12","Urban Assembly School for Wildlife Conservation","D","20.2","10.8","D","Middle"
"12X383","12","Emolior Academy","C","36.0","17.8","C","Middle"
"12X384","12","Entrada Academy","C","31.8","17.6","C","Middle"
"12X428","12","Learning To Work Yabc At Monroe Academy","B","60.3","29.9","C","YABC"
"12X463","12","URBAN SCHOLARS COMMUNITY SCHOOL","F","12.9","2.4","F","K-3"
"12X480","12","Bronx Regional High School","C","54.7","26.2","D","Transfer High School"
"12X550","12","High School of World Cultures","B","67.0","36.5","B","High School"
"12X682","12","Fannie Lou Hamer Freedom High School","A","70.6","33.5","C","High School"
"12X684","12","Wings Academy","C","54.4","27.8","D","High School"
"12X691","12","Bronx Little School","A","63.5","46.6","A","Elementary"
"12X692","12","Monroe Academy for Visual Arts & Design","B","58.2","35.9","B","High School"
"13K003","13","P.S. 003 The Bedford Village","C","33.4","20.3","C","Elementary"
"13K008","13","P.S. 008 Robert Fulton","C","33.3","14.6","D","Elementary"
"13K009","13","P.S. 009 Teunis G. Bergen","C","34.2","19.3","C","Elementary"
"13K011","13","P.S. 011 Purvis J. Behan","B","46.9","27.1","B","Elementary"
"13K020","13","P.S. 020 Clinton Hill","B","46.1","29.8","B","Elementary"
"13K044","13","P.S. 044 Marcus Garvey","B","44.5","26.7","B","Elementary"
"13K046","13","P.S. 046 Edward C. Blum","A","70.3","48.4","A","Elementary"
"13K054","13","P.S. 054 Samuel C. Barnes","C","35.9","23.5","C","Elementary"
"13K056","13","P.S. 056 Lewis H. Latimer","A","57.0","34.4","A","Elementary"
"13K067","13","P.S. 067 Charles A. Dorsey","D","25.2","8.6","F","Elementary"
"13K093","13","P.S. 093 William H. Prescott","B","43.4","31.5","B","Elementary"
"13K103","13","Satellite Three","D","16.9","11.2","D","Middle"
"13K113","13","M.S. 113 Ronald Edmonds Learning Center","D","22.4","11.0","D","Middle"
"13K133","13","P.S. 133 William A. Butler","B","43.9","27.5","B","Elementary"
"13K256","13","P.S. 256 Benjamin Banneker","F","16.6","8.0","F","Elementary"
"13K265","13","Dr. Susan S. McKinney Secondary School of the Arts","B","47.1","29.8","B","Middle"
"13K265","13","Dr. Susan S. McKinney Secondary School of the Arts","B","68.5","44.5","A","High School"
"13K266","13","M.S. K266 - Park Place Community Middle School","C","28.1","15.3","C","Middle"
"13K270","13","P.S. 270 Johann DeKalb","C","39.4","15.0","D","Elementary"
"13K282","13","P.S. 282 Park Slope","C","28.0","15.2","C","K-8"
"13K287","13","P.S. 287 Bailey K. Ashford","B","45.2","31.1","B","Elementary"
"13K301","13","Satellite East Middle School","B","48.8","35.7","A","Middle"
"13K305","13","P.S. 305 Dr. Peter Ray","C","37.4","26.5","B","Elementary"
"13K307","13","P.S. 307 Daniel Hale Williams","C","33.0","20.2","C","Elementary"
"13K313","13","Satellite West Middle School","A","65.0","40.9","A","Middle"
"13K336","13","Academy of Business and Community Development","D","21.4","12.0","D","Middle"
"13K350","13","Urban Assembly High School of Music and Art","D","42.2","21.2","F","High School"
"13K412","13","Brooklyn Community High School of Communication, Arts and Media","C","57.9","34.4","C","High School"
"13K419","13","Science Skills Center High School for Science, Technology and the Creative Arts","A","74.1","39.2","B","High School"
"13K430","13","Brooklyn Technical High School","B","66.6","37.7","B","High School"
"13K439","13","Brooklyn International High School","A","102.1","58.0","A","High School"
"13K483","13","The Urban Assembly School for Law and Justice","B","68.2","37.4","B","High School"
"13K492","13","Urban Assembly Academy of Arts and Letters","B","45.5","23.0","C","Middle"
"13K499","13","ACORN Community High School","B","64.1","42.7","A","High School"
"13K509","13","Freedom Academy High School","F","27.7","10.4","F","High School"
"13K527","13","Urban Assembly Institute of Math and Science for Y","B","49.6","35.5","A","Middle"
"13K553","13","Brooklyn Academy High School","A","71.3","34.9","B","Transfer High School"
"13K575","13","Bedford Stuyvesant Preparatory High School","C","51.8","24.8","D","Transfer High School"
"13K595","13","Bedford Academy High School","A","84.7","51.9","A","High School"
"13K596","13","Knowledge and Power Preparatory Academy VII Middle","F","7.5","1.1","F","Middle"
"13K605","13","George Westinghouse Career and Technical Education High School","D","40.9","22.8","F","High School"
"13K616","13","Brooklyn High School for Leadership and Community Service","B","60.5","28.6","C","Transfer High School"
"13K657","13","Downtown Brooklyn Yabc","D","37.6","20.3","F","YABC"
"13K670","13","Benjamin Banneker Academy","B","64.2","38.1","B","High School"
"14K016","14","P.S. 016 Leonard Dunkly","C","30.6","17.4","C","Elementary"
"14K017","14","P.S. 017 Henry D. Woodworth","C","38.8","21.1","C","Elementary"
"14K018","14","P.S. 018 Edward Bush","C","29.9","13.2","D","Elementary"
"14K019","14","P.S. 019 Roberto Clemente","F","9.0","0.7","F","Elementary"
"14K023","14","P.S. 023 Carter G. Woodson","B","45.4","23.6","C","Elementary"
"14K031","14","P.S. 031 Samuel F. Dupont","A","91.5","51.8","A","Elementary"
"14K034","14","P.S. 034 Oliver H. Perry","A","70.0","39.8","A","Elementary"
"14K050","14","J.H.S. 050 John D. Wells","C","41.0","31.0","B","Middle"
"14K059","14","P.S. 059 William Floyd","C","37.1","28.3","B","Elementary"
"14K071","14","Juan Morel Campos Secondary School","C","24.0","13.5","D","Middle"
"14K071","14","Juan Morel Campos Secondary School","C","47.8","25.2","D","High School"
"14K084","14","P.S. 084 Jose De Diego","B","49.5","33.3","B","Elementary"
"14K110","14","P.S. 110 The Monitor","C","32.4","15.9","C","Elementary"
"14K120","14","P.S. 120 Carlos Tapia","A","66.9","39.6","A","Elementary"
"14K126","14","John Ericsson Middle School 126","D","20.9","14.0","D","Middle"
"14K132","14","P.S. 132 The Conselyea School","C","25.8","4.0","F","Elementary"
"14K147","14","P.S. 147 Isaac Remsen","B","45.1","22.2","C","Elementary"
"14K157","14","P.S. 157 Benjamin Franklin","B","40.8","20.2","C","Elementary"
"14K196","14","P.S. 196 Ten Eyck","C","31.8","2.8","F","Elementary"
"14K250","14","P.S. 250 George H. Lindsay","B","42.8","26.8","B","Elementary"
"14K257","14","P.S. 257 John F. Hylan","A","91.4","52.8","A","Elementary"
"14K297","14","P.S. 297 Abraham Stockton","B","45.1","29.4","B","Elementary"
"14K318","14","I.S. 318 Eugenio Maria De Hostos","C","31.5","14.7","C","Middle"
"14K330","14","The Urban Assembly School for the Urban Environmen","B","46.1","32.6","B","Middle"
"14K380","14","P.S. 380 John Wayne Elementary","A","83.3","42.3","A","Elementary"
"14K404","14","Academy for Young Writers","A","71.5","38.4","B","High School"
"14K449","14","Brooklyn Latin School, The","B","59.3","36.6","B","High School"
"14K454","14","Green School: An Academy for Environmental Careers","B","59.8","31.0","C","High School"
"14K474","14","PROGRESS High School for Professional Careers","C","53.1","31.7","C","High School"
"14K477","14","School for Legal Studies","D","46.4","27.0","D","High School"
"14K478","14","The High School for Enterprise, Business and Technology","A","76.4","35.5","B","High School"
"14K488","14","Brooklyn Preparatory High School","B","61.8","29.8","C","High School"
"14K558","14","Williamsburg High School for Architecture and Design","A","94.5","51.2","A","High School"
"14K561","14","Williamsburg Preparatory School","A","88.2","44.6","A","High School"
"14K577","14","Conselyea Preparatory School","B","42.5","18.8","C","Middle"
"14K582","14","M.S. 582","D","19.8","6.7","F","Middle"
"14K586","14","Lyons Community School","B","46.3","29.0","B","Middle"
"14K586","14","Lyons Community School","A","74.1","38.8","B","High School"
"14K610","14","Automotive High School","C","57.0","31.2","C","High School"
"14K614","14","Young Women's Leadership School of Brooklyn","A","72.4","45.2","A","Middle"
"14K685","14","El Puente Academy for Peace and Justice","A","87.0","47.3","A","High School"
"14K923","14","Automotive High School Yabc","B","68.1","33.5","B","YABC"
"15K001","15","P.S. 001 The Bergen","B","47.2","26.4","B","Elementary"
"15K010","15","Magnet School of Math, Science and Design Technolo","B","45.5","19.6","C","Elementary"
"15K015","15","P.S. 015 Patrick F. Daly","B","55.7","25.3","B","Elementary"
"15K024","15","P.S. 024","B","43.6","24.8","B","Elementary"
"15K029","15","P.S. 029 John M. Harrigan","C","30.7","7.0","F","Elementary"
"15K032","15","P.S. 032 Samuels Mills Sprole","C","27.0","7.7","F","Elementary"
"15K038","15","P.S. 038 The Pacific","C","40.4","24.6","B","Elementary"
"15K039","15","P.S. 039 Henry Bristow","B","45.0","22.8","C","Elementary"
"15K051","15","M.S. 51 William Alexander","A","66.5","35.7","A","Middle"
"15K058","15","P.S. 058 The Carroll","B","47.9","29.2","B","Elementary"
"15K088","15","J.H.S. 088 Peter Rouget","A","70.3","40.3","A","Middle"
"15K094","15","P.S. 094 The Henry Longfellow","B","43.7","28.3","B","Elementary"
"15K107","15","P.S. 107 John W. Kimball","B","54.8","30.3","B","Elementary"
"15K124","15","P.S. 124 Silas B. Dutcher","B","43.5","27.9","B","Elementary"
"15K130","15","P.S. 130 The Parkside","A","61.6","36.8","A","Elementary"
"15K131","15","P.S. 131 Brooklyn","A","57.3","32.7","B","Elementary"
"15K136","15","I.S. 136 Charles O. Dewey","B","48.1","33.7","B","Middle"
"15K146","15","P.S. 146","A","61.3","32.0","B","Elementary"
"15K154","15","Magnet School for Science & Technology","A","72.0","47.3","A","Elementary"
"15K169","15","P.S. 169 Sunset Park","C","29.7","14.4","D","Elementary"
"15K172","15","P.S. 172 Beacon School of Excellence","A","88.3","44.4","A","Elementary"
"15K230","15","P.S. 230 Doris L. Cohen","C","35.8","18.6","C","Elementary"
"15K261","15","P.S. 261 Philip Livingston","C","26.1","9.0","F","Elementary"
"15K295","15","P.S. 295","A","64.7","38.9","A","Elementary"
"15K321","15","P.S. 321 William Penn","A","60.4","31.7","B","Elementary"
"15K418","15","The Children's School","A","71.6","41.1","A","Elementary"
"15K429","15","Brooklyn School for Global Studies","B","45.7","28.3","B","Middle"
"15K429","15","Brooklyn School for Global Studies","B","60.8","37.0","B","High School"
"15K442","15","New Horizons School","B","48.7","29.4","B","Middle"
"15K443","15","New Voices School of Academic & Creative Arts","A","58.7","26.7","B","Middle"
"15K447","15","The Math & Science Exploratory School","A","76.4","42.1","A","Middle"
"15K448","15","Brooklyn Secondary School for Collaborative Studi","A","62.5","36.9","A","Middle"
"15K448","15","Brooklyn Secondary School for Collaborative Studies","A","74.1","34.5","C","High School"
"15K462","15","Secondary School for Law","C","56.2","30.3","C","High School"
"15K463","15","Secondary School for Journalism","B","67.1","43.1","A","High School"
"15K464","15","Park Slope Collegiate","C","37.7","20.1","C","Middle"
"15K464","15","Park Slope Collegiate","D","42.0","19.0","F","High School"
"15K497","15","School for International Studies","C","39.8","21.9","C","Middle"
"15K519","15","Cobble Hill School of American Studies","B","59.7","36.6","B","High School"
"15K529","15","West Brooklyn Community High School","A","73.7","32.7","C","Transfer High School"
"15K656","15","Brooklyn High School of the Arts","B","67.6","38.2","B","High School"
"15K676","15","RED HOOK NEIGHBORHOOD SCHOOL","C","36.3","25.1","B","Elementary"
"15K698","15","South Brooklyn Community High School","B","56.4","30.7","C","Transfer High School"
"15K821","15","Sunset Park Prep","A","60.1","33.1","B","Middle"
"16K005","16","P.S. 005 Dr. Ronald Mcnair","C","30.7","16.5","C","Elementary"
"16K021","16","P.S. 021 Crispus Attucks","A","69.7","41.9","A","Elementary"
"16K025","16","P.S. 025 Eubie Blake School","C","35.8","22.6","C","Elementary"
"16K026","16","P.S. 026 Jesse Owens","A","70.8","46.2","A","Elementary"
"16K028","16","P.S. 028 The Warren Prep Academy","D","23.4","6.9","F","Elementary"
"16K035","16","M.S. 035 Stephen Decatur","A","70.3","41.0","A","Middle"
"16K040","16","P.S. 040 George W. Carver","A","80.3","56.4","A","Elementary"
"16K057","16","J.H.S. 057 Whitelaw Reid","C","36.3","20.1","C","Middle"
"16K081","16","P.S. 081 Thaddeus Stevens","B","41.0","24.9","B","Elementary"
"16K243","16","P.S. 243K- The Weeksville School","C","37.5","23.9","C","Elementary"
"16K262","16","P.S. 262 El Hajj Malik El Shabazz Elementary Schoo","A","68.1","38.8","A","Elementary"
"16K267","16","M.S. 267 Math, Science & Technology","A","64.4","34.7","B","Middle"
"16K308","16","P.S. 308 Clara Cardwell","D","18.3","7.2","F","K-8"
"16K309","16","P.S. 309 The George E. Wibecan Preparatory Academy","C","35.7","21.6","C","Elementary"
"16K335","16","P.S. 335 Granville T. Woods","A","64.9","36.5","A","Elementary"
"16K385","16","School of Business, Finance and Entrepreneurship","B","57.9","31.8","B","Middle"
"16K393","16","Frederick Douglass Academy IV Secondary School","F","12.3","2.9","F","Middle"
"16K393","16","Frederick Douglass Academy IV Secondary School","C","50.6","25.3","D","High School"
"16K455","16","Boys and Girls High School","F","37.6","20.9","F","High School"
"16K498","16","Brooklyn High School for Law and Technology","B","68.8","34.3","C","High School"
"16K534","16","Upper School @ P.S. 25","B","45.7","30.5","B","Middle"
"16K584","16","M.S. 584","C","35.4","25.2","B","Middle"
"16K594","16","Gotham Professional Arts Academy","F","36.9","22.9","F","High School"
"16K636","16","Young Scholars' Academy for Discovery and Explorat","A","88.6","57.9","A","Elementary"
"17K002","17","M.S. 002","B","55.2","30.5","B","Middle"
"17K006","17","P.S. 006","B","44.2","25.9","B","Elementary"
"17K012","17","P.S. 012","C","32.7","21.2","C","Elementary"
"17K022","17","P.S. 022","F","17.3","9.5","F","Elementary"
"17K061","17","M.S. 061 Dr. Gladstone H. Atwell","C","35.9","19.4","C","Middle"
"17K091","17","P.S. 091 The Albany Avenue School","D","21.4","8.4","F","Elementary"
"17K092","17","P.S. 092 Adrian Hegeman","C","36.1","19.5","C","Elementary"
"17K138","17","P.S. 138 Brooklyn","B","50.9","27.7","B","K-8"
"17K161","17","P.S. 161 The Crown","D","20.4","10.8","D","K-8"
"17K167","17","P.S. 167 The Parkway","C","33.5","23.8","C","Elementary"
"17K181","17","P.S. 181 Brooklyn","B","47.0","31.6","B","K-8"
"17K189","17","P.S. 189 Lincoln Terrace","A","89.4","53.1","A","K-8"
"17K191","17","P.S. 191 Paul Robeson","B","53.7","34.8","A","Elementary"
"17K221","17","P.S. 221 Toussaint L'Ouverture","A","59.0","37.1","A","Elementary"
"17K241","17","P.S. 241 Emma L. Johnston","A","64.6","36.4","A","Elementary"
"17K246","17","M.S. 246 Walt Whitman","B","47.8","31.0","B","Middle"
"17K249","17","P.S. 249 The Caton","A","65.7","22.8","A","K-3"
"17K289","17","P.S. 289 George V. Brower","C","38.7","25.0","B","Elementary"
"17K316","17","P.S. 316 Elijah Stroud","C","34.3","18.2","C","Elementary"
"17K334","17","Middle School for Academic and Social Excellence","C","41.4","28.2","B","Middle"
"17K340","17","I.S. 340","C","14.0","4.3","F","Middle"
"17K352","17","Ebbets Field Middle School","B","52.9","34.7","B","Middle"
"17K353","17","Elijah Stroud Middle School","B","45.2","25.6","B","Middle"
"17K354","17","The School of Integrated Learning","B","58.1","30.9","B","Middle"
"17K375","17","P.S. 375 Jackie-Robinson School","A","89.2","55.6","A","Elementary"
"17K382","17","Academy for College Preparation and Career Explora","B","47.7","29.8","B","Middle"
"17K382","17","Academy for College Preparation and Career Exploration: A College Board School","D","43.5","26.8","D","High School"
"17K394","17","M.S. K394","B","46.7","20.8","C","K-8"
"17K397","17","P.S. 397 Foster-Laurie","B","50.2","32.3","B","Elementary"
"17K398","17","P.S. 398 Walter Weaver","B","43.8","25.9","B","Elementary"
"17K399","17","P.S. 399 Stanley Eugene Clark","B","54.3","26.1","B","Elementary"
"17K408","17","Academy of Hospitality and Tourism","B","59.4","31.2","C","High School"
"17K467","17","Erasmus Yabc","C","52.2","27.8","C","YABC"
"17K484","17","Ronald Edmonds Learning Center II","A","65.8","42.5","A","Middle"
"17K489","17","W.E.B. Dubois Academic High School","D","42.1","22.2","F","Transfer High School"
"17K524","17","International High School at Prospect Heights","A","76.1","46.7","A","High School"
"17K528","17","The High School for Global Citizenship","C","49.9","30.8","C","High School"
"17K531","17","School for Human Rights, The","C","38.2","16.4","C","Middle"
"17K531","17","School for Human Rights, The","A","77.4","40.4","B","High School"
"17K533","17","School for Democracy and Leadership","D","16.8","7.7","F","Middle"
"17K533","17","School for Democracy and Leadership","D","43.0","22.5","F","High School"
"17K537","17","High School for Youth and Community Development at Erasmus","C","53.2","34.3","C","High School"
"17K539","17","High School for Service & Learning at Erasmus","A","85.3","46.8","A","High School"
"17K543","17","Science, Technology and Research Early College Hig","B","44.0","25.2","B","Middle"
"17K543","17","Science, Technology and Research Early College High School at Erasmus","B","63.6","35.9","B","High School"
"17K544","17","International Arts Business School","F","39.3","22.8","F","High School"
"17K546","17","High School for Public Service: Heroes of Tomorrow","A","78.0","43.6","A","High School"
"17K547","17","Brooklyn Academy of Science and the Environment","B","65.1","35.5","B","High School"
"17K548","17","Brooklyn School for Music & Theatre","B","64.7","38.7","B","High School"
"17K568","17","Brownsville Academy High School","A","73.8","43.1","A","Transfer High School"
"17K587","17","Middle School for the Arts","D","14.6","4.8","F","Middle"
"17K590","17","Medgar Evers College Preparatory School","C","40.5","19.1","C","Middle"
"17K590","17","Medgar Evers College Preparatory School","B","60.9","30.2","C","High School"
"17K600","17","Clara Barton High School","C","50.6","29.0","C","High School"
"18K066","18","P.S. 66","B","49.1","24.4","C","K-8"
"18K068","18","I.S. 068 Isaac Bildersee","B","44.0","28.9","B","Middle"
"18K114","18","P.S. 114 Ryder Elementary","C","34.8","26.0","B","Elementary"
"18K115","18","P.S. 115 Daniel Mucatel School","B","44.0","24.2","C","Elementary"
"18K135","18","P.S. 135 Sheldon A. Brookner","B","49.5","30.0","B","Elementary"
"18K208","18","P.S. 208 Elsa Ebeling","B","44.1","25.0","B","Elementary"
"18K211","18","I.S. 211 John Wilson","A","61.8","37.0","A","Middle"
"18K219","18","P.S. 219 Kennedy-King","B","53.0","34.2","A","Elementary"
"18K233","18","P.S. 233 Langston Hughes","C","26.8","13.0","D","Elementary"
"18K235","18","P.S. 235 Lenox School","A","66.6","39.6","A","K-8"
"18K244","18","P.S. 244 Richard R. Green","A","63.7","36.2","A","Elementary"
"18K268","18","P.S. 268 Emma Lazarus","B","56.0","37.1","A","Elementary"
"18K272","18","P.S. 272 Curtis Estabrook","F","14.2","5.4","F","Elementary"
"18K276","18","P.S. 276 Louis Marshall","B","56.3","37.4","A","Elementary"
"18K279","18","P.S. 279 Herman Schreiber","C","32.8","20.2","C","Elementary"
"18K285","18","I.S. 285 Meyer Levin","B","44.7","28.2","B","Middle"
"18K366","18","THE SCIENCE AND MEDICINE MIDDLE SCHOOL","B","51.0","28.1","B","Middle"
"18K563","18","It Takes a Village Academy","A","98.9","56.5","A","High School"
"18K566","18","Brooklyn Generation School","C","49.3","32.6","C","High School"
"18K567","18","Brooklyn Theatre Arts High School","A","82.3","46.4","A","High School"
"18K569","18","Kurt Hahn Expeditionary Learning School","C","55.3","34.5","C","High School"
"18K576","18","Victory Collegiate High School","A","78.4","46.7","A","High School"
"18K578","18","Brooklyn Bridge Academy","C","47.5","32.0","C","Transfer High School"
"18K581","18","East Flatbush Community Research School","D","21.4","10.3","D","Middle"
"18K588","18","Middle School for Art and Philosophy","C","29.5","19.3","C","Middle"
"18K589","18","Arts & Media Preparatory Academy","B","67.7","37.8","B","High School"
"18K598","18","Middle School of Marketing and Legal Studies","B","53.7","29.8","B","Middle"
"18K635","18","Olympus Academy","C","51.5","24.5","D","Transfer High School"
"18K673","18","EAST BROOKLYN COMMUNITY HIGH SCHOOL","B","56.5","30.4","C","Transfer High School"
"18K922","18","South Shore Educational Complex Yabc","C","46.3","20.5","F","YABC"
"19K007","19","P.S. 007 Abraham Lincoln","A","60.6","36.4","A","Elementary"
"19K013","19","P.S. 013 Roberto Clemente","C","30.8","19.0","C","Elementary"
"19K065","19","P.S. 065","B","47.8","20.4","C","Elementary"
"19K089","19","P.S. 089 Cypress Hills","B","48.1","31.8","B","K-8"
"19K108","19","P.S. 108 Sal Abbracciamento","B","47.4","24.7","B","Elementary"
"19K149","19","P.S. 149 Danny Kaye","C","38.0","22.7","C","Elementary"
"19K158","19","P.S. 158 Warwick","B","44.2","27.9","B","Elementary"
"19K159","19","P.S. 159 Isaac Pitkin","B","44.8","30.8","B","Elementary"
"19K166","19","J.H.S. 166 George Gershwin","C","35.4","24.2","C","Middle"
"19K171","19","I.S. 171 Abraham Lincoln","F","8.5","1.6","F","Middle"
"19K174","19","P.S. 174 Dumont","C","29.8","19.5","C","K-8"
"19K190","19","P.S. 190 Sheffield","B","42.3","22.7","C","Elementary"
"19K202","19","P.S. 202 Ernest S. Jenkyns","D","14.5","5.4","F","K-8"
"19K213","19","P.S. 213 New Lots","D","19.4","7.0","F","Elementary"
"19K214","19","P.S. 214 Michael Friedsam","B","50.4","30.7","B","Elementary"
"19K218","19","J.H.S. 218 James P. Sinnott","B","50.0","33.8","B","Middle"
"19K224","19","P.S. 224 Hale A. Woodruff","C","29.8","17.8","C","Elementary"
"19K273","19","P.S. 273 Wortman","C","32.6","16.3","C","Elementary"
"19K290","19","P.S. 290 Juan Morel Campos","B","52.2","27.9","B","Elementary"
"19K292","19","J.H.S. 292 Margaret S. Douglas","B","54.0","33.0","B","Middle"
"19K302","19","J.H.S. 302 Rafael Cordero","C","31.6","23.2","C","Middle"
"19K306","19","P.S. 306 Ethan Allen","F","7.1","1.9","F","K-8"
"19K311","19","Essence School","C","34.4","22.5","C","Middle"
"19K328","19","P.S. 328 Phyllis Wheatley","D","19.9","9.4","D","K-8"
"19K345","19","P.S. 345 Patrolman Robert Bolden","C","39.8","28.2","B","Elementary"
"19K346","19","P.S. 346 Abe Stark","C","37.2","24.5","B","Elementary"
"19K364","19","I.S. 364 Gateway","C","39.1","24.2","C","Middle"
"19K409","19","East New York Family Academy","A","71.8","47.6","A","Middle"
"19K409","19","East New York Family Academy","C","46.7","21.1","F","High School"
"19K431","19","Thomas Jefferson Yabc","A","86.4","46.8","A","YABC"
"19K452","19","Frederick Douglass Academy VIII Middle School","B","49.9","28.1","B","Middle"
"19K501","19","Franklin K. Lane Campus YABC","A","82.6","48.6","A","YABC"
"19K504","19","High School for Civil Rights","B","63.9","30.5","C","High School"
"19K507","19","Performing Arts and Technology High School","B","63.4","34.7","C","High School"
"19K510","19","World Academy for Total Community Health High School","C","55.0","33.4","C","High School"
"19K583","19","Multicultural High School","C","53.2","34.7","C","High School"
"19K615","19","Transit Tech Career and Technical Education High School","B","62.0","27.3","D","High School"
"19K659","19","Cypress Hills Collegiate Preparatory School","D","40.7","25.0","D","High School"
"19K660","19","W. H. Maxwell Career and Technical Education High School","A","71.9","44.1","A","High School"
"19K677","19","EAST NEW YORK ELEMENTARY SCHOOL OF EXCELLENCE","C","28.1","18.6","C","Elementary"
"19K678","19","EAST NEW YORK MIDDLE SCHOOL OF EXCELLENCE","B","54.1","30.4","B","Middle"
"20K030","20","I.S. 30 Mary White Ovington","B","43.5","23.6","C","Middle"
"20K048","20","P.S. 048 Mapleton","A","60.8","39.3","A","Elementary"
"20K062","20","J.H.S. 062 Ditmas","B","54.0","33.5","B","Middle"
"20K069","20","P.S. 69 Vincent D. Grippo School","A","63.0","39.6","A","Elementary"
"20K102","20","P.S. 102 The Bayview","B","50.7","27.2","B","Elementary"
"20K104","20","P.S./I.S. 104 The Fort Hamilton School","B","56.5","29.6","B","K-8"
"20K105","20","P.S. 105 The Blythebourne","A","58.6","36.1","A","Elementary"
"20K112","20","P.S. 112 Lefferts Park","A","71.1","43.4","A","Elementary"
"20K127","20","P.S. 127 Mckinley Park","B","55.2","33.4","B","Elementary"
"20K160","20","P.S. 160 William T. Sampson","C","31.1","16.1","C","Elementary"
"20K163","20","P.S. 163 Bath Beach","A","65.3","41.2","A","Elementary"
"20K164","20","P.S. 164 Caesar Rodney","A","72.2","38.5","A","Elementary"
"20K170","20","Ralph A. Fabrizio School","B","49.0","27.5","B","Elementary"
"20K176","20","P.S. 176 Ovington","A","70.1","41.4","A","Elementary"
"20K179","20","P.S. 179 Kensington","C","30.1","19.2","C","Elementary"
"20K180","20","The SEEALL Academy","B","42.3","22.7","C","K-8"
"20K185","20","P.S. 185 Walter Kassenbrock","C","39.8","21.6","C","Elementary"
"20K186","20","P.S. 186 Dr. Irving A Gladstone","B","50.5","30.8","B","Elementary"
"20K187","20","The Christa McAuliffe SchoolI.S. 187","A","84.5","49.2","A","Middle"
"20K192","20","P.S. 192 - The Magnet School for Math and Science","A","60.4","41.4","A","K-8"
"20K200","20","P.S. 200 Benson School","A","58.7","39.0","A","Elementary"
"20K201","20","J.H.S. 201 The Dyker Heights","A","75.0","44.0","A","Middle"
"20K204","20","P.S. 204 Vince Lombardi","B","55.4","32.3","B","Elementary"
"20K205","20","P.S. 205 Clarion","A","61.0","40.6","A","Elementary"
"20K220","20","J.H.S. 220 John J. Pershing","C","39.8","24.6","C","Middle"
"20K223","20","J.H.S. 223 The Montauk","A","62.8","39.3","A","Middle"
"20K227","20","J.H.S. 227 Edward B. Shallow","A","62.5","40.7","A","Middle"
"20K229","20","P.S. 229 Dyker","B","46.7","26.5","B","K-8"
"20K247","20","P.S. 247 Brooklyn","A","75.8","47.9","A","Elementary"
"20K259","20","J.H.S. 259 William Mckinley","A","69.8","37.9","A","Middle"
"20K445","20","New Utrecht High School","B","60.5","31.2","C","High School"
"20K485","20","High School of Telecommunication Arts and Technology","A","77.9","42.3","A","High School"
"20K490","20","Fort Hamilton High School","B","61.1","34.1","C","High School"
"20K503","20","PS 503: The School of Discovery","B","43.7","25.2","B","Elementary"
"20K505","20","Franklin Delano Roosevelt High School","B","61.5","35.7","B","High School"
"20K506","20","P.S. 506: The School of Journalism & Technology","B","55.5","35.5","A","Elementary"
"20K609","20","Urban Assembly School for Criminal Justice","A","60.6","36.5","A","Middle"
"20K658","20","Franklin Delano Roosevelt YABC","B","62.3","28.8","C","YABC"
"21K090","21","P.S. 90 Edna Cohen School","A","60.1","40.5","A","Elementary"
"21K095","21","P.S. 095 The Gravesend","C","30.5","19.8","C","K-8"
"21K096","21","I.S. 096 Seth Low","B","57.8","37.1","A","Middle"
"21K097","21","P.S. 97 The Highlawn","A","59.7","37.2","A","Elementary"
"21K098","21","I.S. 98 Bay Academy","A","70.6","36.1","A","Middle"
"21K099","21","P.S. 099 Isaac Asimov","A","63.3","37.6","A","K-8"
"21K100","21","P.S. 100 The Coney Island School","C","36.2","18.0","C","Elementary"
"21K101","21","P.S. 101 The Verrazano","B","46.2","20.3","C","Elementary"
"21K121","21","P.S. 121 Nelson A. Rockefeller","A","68.7","40.2","A","K-8"
"21K128","21","P.S. 128 Bensonhurst","B","43.1","24.3","B","Elementary"
"21K153","21","P.S. 153 Homecrest","C","40.2","24.0","C","Elementary"
"21K177","21","P.S. 177 The Marlboro","B","53.3","30.7","B","Elementary"
"21K188","21","P.S. 188 Michael E. Berdy","A","76.7","48.2","A","Elementary"
"21K199","21","P.S. 199 Frederick Wachtel","B","52.9","34.2","A","Elementary"
"21K209","21","P.S. 209 Margaret Mead","B","46.2","27.8","B","K-8"
"21K212","21","P.S. 212 Lady Deborah Moody","B","50.5","28.6","B","Elementary"
"21K215","21","P.S. 215 Morris H. Weiss","A","67.8","42.8","A","Elementary"
"21K216","21","P.S. 216 Arturo Toscanini","C","34.5","17.0","C","Elementary"
"21K225","21","P.S. K225 - The Eileen E. Zaglin","B","53.6","27.9","B","K-8"
"21K226","21","P.S. 226 Alfred De B.Mason","B","53.4","31.0","B","K-8"
"21K228","21","I.S. 228 David A. Boody","C","34.7","16.3","C","Middle"
"21K238","21","P.S. 238 Anne Sullivan","B","41.3","21.9","C","K-8"
"21K239","21","Mark Twain I.S. 239 for the Gifted & Talented","A","75.6","40.5","A","Middle"
"21K253","21","P.S. 253","A","72.5","40.8","A","Elementary"
"21K281","21","I.S. 281 Joseph B Cavallaro","A","58.2","33.1","B","Middle"
"21K288","21","P.S. 288 The Shirley Tanyhill","B","43.2","31.1","B","K-8"
"21K303","21","I.S. 303 Herbert S. Eisenberg","A","62.3","30.5","B","Middle"
"21K329","21","P.S. 329 Surfside","B","53.3","30.2","B","Elementary"
"21K337","21","International High School at Lafayette","B","58.6","37.6","B","High School"
"21K344","21","Rachel Carson High School for Coastal Studies","B","66.6","38.7","B","High School"
"21K348","21","High School of Sports Management","B","61.6","27.4","D","High School"
"21K410","21","Abraham Lincoln High School","C","52.7","32.5","C","High School"
"21K411","21","Abraham Lincoln Yabc","B","64.3","33.6","B","YABC"
"21K468","21","Kingsborough Early College School","B","57.3","33.2","B","Middle"
"21K525","21","Edward R. Murrow High School","B","60.2","33.4","C","High School"
"21K540","21","John Dewey High School","C","49.4","29.9","C","High School"
"21K559","21","Life Academy High School for Film and Music","B","65.2","35.2","B","High School"
"21K572","21","Expeditionary Learning School for Community Leaders","D","45.6","31.1","C","High School"
"21K620","21","William E. Grady Career and Technical Education High School","B","59.8","36.3","B","High School"
"21K690","21","Brooklyn Studio Secondary School","B","53.4","28.8","B","Middle"
"21K690","21","Brooklyn Studio Secondary School","C","53.6","30.3","C","High School"
"21K728","21","Liberation Diploma Plus","A","72.9","39.7","B","Transfer High School"
"22K014","22","J.H.S. 014 Shell Bank","A","61.1","34.0","B","Middle"
"22K052","22","P.S. 052 Sheepshead Bay","C","38.0","20.2","C","Elementary"
"22K078","22","J.H.S. 078 Roy H. Mann","C","33.9","18.4","C","Middle"
"22K109","22","P.S. 109","C","26.1","13.4","D","K-8"
"22K119","22","P.S. 119 Amersfort","B","46.9","25.3","B","Elementary"
"22K134","22","P.S. K134","A","72.5","40.9","A","Elementary"
"22K139","22","P.S. 139 Alexine A. Fenty","B","47.6","31.1","B","Elementary"
"22K152","22","School of Science & Technology","B","41.0","23.8","C","Elementary"
